,時間,茂泓電業
0,2023/05/01 00:00:00,0.0
1,2023/05/01 01:00:00,0.0
2,2023/05/01 02:00:00,0.0
3,2023/05/01 03:00:00,0.0
4,2023/05/01 04:00:00,0.0
5,2023/05/01 05:00:00,0.0
6,2023/05/01 06:00:00,1899.29
7,2023/05/01 07:00:00,5692.9
8,2023/05/01 08:00:00,9935.51
9,2023/05/01 09:00:00,12758.7
10,2023/05/01 10:00:00,14700.79
11,2023/05/01 11:00:00,16661.03
12,2023/05/01 12:00:00,16330.86
13,2023/05/01 13:00:00,15127.42
14,2023/05/01 14:00:00,12992.99
15,2023/05/01 15:00:00,8720.91
16,2023/05/01 16:00:00,5794.38
17,2023/05/01 17:00:00,1538.63
18,2023/05/01 18:00:00,208.07
19,2023/05/01 19:00:00,0.0
20,2023/05/01 20:00:00,0.0
21,2023/05/01 21:00:00,0.0
22,2023/05/01 22:00:00,0.0
23,2023/05/01 23:00:00,0.0
24,2023/05/02 00:00:00,0.0
25,2023/05/02 01:00:00,0.0
26,2023/05/02 02:00:00,0.0
27,2023/05/02 03:00:00,0.0
28,2023/05/02 04:00:00,0.0
29,2023/05/02 05:00:00,0.0
30,2023/05/02 06:00:00,1538.1
31,2023/05/02 07:00:00,5988.41
32,2023/05/02 08:00:00,10265.69
33,2023/05/02 09:00:00,13429.21
34,2023/05/02 10:00:00,15634.1
35,2023/05/02 11:00:00,16693.99
36,2023/05/02 12:00:00,16533.72
37,2023/05/02 13:00:00,14749.09
38,2023/05/02 14:00:00,13220.01
39,2023/05/02 15:00:00,9964.98
40,2023/05/02 16:00:00,5436.3
41,2023/05/02 17:00:00,2459.18
42,2023/05/02 18:00:00,168.93
43,2023/05/02 19:00:00,0.0
44,2023/05/02 20:00:00,0.0
45,2023/05/02 21:00:00,0.0
46,2023/05/02 22:00:00,0.0
47,2023/05/02 23:00:00,0.0
48,2023/05/03 00:00:00,0.0
49,2023/05/03 01:00:00,0.0
50,2023/05/03 02:00:00,0.0
51,2023/05/03 03:00:00,0.0
52,2023/05/03 04:00:00,0.0
53,2023/05/03 05:00:00,0.0
54,2023/05/03 06:00:00,1286.39
55,2023/05/03 07:00:00,4470.99
56,2023/05/03 08:00:00,7290.3
57,2023/05/03 09:00:00,12343.3
58,2023/05/03 10:00:00,15366.3
59,2023/05/03 11:00:00,15460.71
60,2023/05/03 12:00:00,16120.3
61,2023/05/03 13:00:00,13149.21
62,2023/05/03 14:00:00,13185.98
63,2023/05/03 15:00:00,6897.82
64,2023/05/03 16:00:00,3731.9
65,2023/05/03 17:00:00,1851.51
66,2023/05/03 18:00:00,155.29
67,2023/05/03 19:00:00,0.0
68,2023/05/03 20:00:00,0.0
69,2023/05/03 21:00:00,0.0
70,2023/05/03 22:00:00,0.0
71,2023/05/03 23:00:00,0.0
72,2023/05/04 00:00:00,0.0
73,2023/05/04 01:00:00,0.0
74,2023/05/04 02:00:00,0.0
75,2023/05/04 03:00:00,0.0
76,2023/05/04 04:00:00,0.0
77,2023/05/04 05:00:00,0.0
78,2023/05/04 06:00:00,2120.92
79,2023/05/04 07:00:00,6362.89
80,2023/05/04 08:00:00,10547.81
81,2023/05/04 09:00:00,13537.17
82,2023/05/04 10:00:00,15593.91
83,2023/05/04 11:00:00,16608.9
84,2023/05/04 12:00:00,16728.13
85,2023/05/04 13:00:00,15530.59
86,2023/05/04 14:00:00,13559.11
87,2023/05/04 15:00:00,10435.58
88,2023/05/04 16:00:00,6348.03
89,2023/05/04 17:00:00,2160.25
90,2023/05/04 18:00:00,173.66
91,2023/05/04 19:00:00,0.0
92,2023/05/04 20:00:00,0.0
93,2023/05/04 21:00:00,0.0
94,2023/05/04 22:00:00,0.0
95,2023/05/04 23:00:00,0.0
96,2023/05/05 00:00:00,0.0
97,2023/05/05 01:00:00,0.0
98,2023/05/05 02:00:00,0.0
99,2023/05/05 03:00:00,0.0
100,2023/05/05 04:00:00,0.0
101,2023/05/05 05:00:00,0.0
102,2023/05/05 06:00:00,2293.29
103,2023/05/05 07:00:00,6668.81
104,2023/05/05 08:00:00,10654.11
105,2023/05/05 09:00:00,12714.28
106,2023/05/05 10:00:00,15798.11
107,2023/05/05 11:00:00,16676.84
108,2023/05/05 12:00:00,16637.34
109,2023/05/05 13:00:00,15600.95
110,2023/05/05 14:00:00,13524.97
111,2023/05/05 15:00:00,10437.81
112,2023/05/05 16:00:00,4851.69
113,2023/05/05 17:00:00,1891.8
114,2023/05/05 18:00:00,88.59
115,2023/05/05 19:00:00,0.0
116,2023/05/05 20:00:00,0.0
117,2023/05/05 21:00:00,0.0
118,2023/05/05 22:00:00,0.0
119,2023/05/05 23:00:00,0.0
120,2023/05/06 00:00:00,0.0
121,2023/05/06 01:00:00,0.0
122,2023/05/06 02:00:00,0.0
123,2023/05/06 03:00:00,0.0
124,2023/05/06 04:00:00,0.0
125,2023/05/06 05:00:00,0.0
126,2023/05/06 06:00:00,2352.0
127,2023/05/06 07:00:00,6751.8
128,2023/05/06 08:00:00,10645.48
129,2023/05/06 09:00:00,13539.64
130,2023/05/06 10:00:00,15584.4
131,2023/05/06 11:00:00,16550.17
132,2023/05/06 12:00:00,16618.42
133,2023/05/06 13:00:00,15618.01
134,2023/05/06 14:00:00,13075.39
135,2023/05/06 15:00:00,10130.32
136,2023/05/06 16:00:00,5933.98
137,2023/05/06 17:00:00,1220.46
138,2023/05/06 18:00:00,98.05
139,2023/05/06 19:00:00,0.0
140,2023/05/06 20:00:00,0.0
141,2023/05/06 21:00:00,0.0
142,2023/05/06 22:00:00,0.0
143,2023/05/06 23:00:00,0.0
144,2023/05/07 00:00:00,0.0
145,2023/05/07 01:00:00,0.0
146,2023/05/07 02:00:00,0.0
147,2023/05/07 03:00:00,0.0
148,2023/05/07 04:00:00,0.0
149,2023/05/07 05:00:00,0.0
150,2023/05/07 06:00:00,1243.72
151,2023/05/07 07:00:00,1473.99
152,2023/05/07 08:00:00,955.78
153,2023/05/07 09:00:00,445.3
154,2023/05/07 10:00:00,311.91
155,2023/05/07 11:00:00,750.72
156,2023/05/07 12:00:00,3512.56
157,2023/05/07 13:00:00,4831.3
158,2023/05/07 14:00:00,5323.3
159,2023/05/07 15:00:00,6547.81
160,2023/05/07 16:00:00,1924.63
161,2023/05/07 17:00:00,744.77
162,2023/05/07 18:00:00,74.99
163,2023/05/07 19:00:00,0.0
164,2023/05/07 20:00:00,0.0
165,2023/05/07 21:00:00,0.0
166,2023/05/07 22:00:00,0.0
167,2023/05/07 23:00:00,0.0
168,2023/05/08 00:00:00,0.0
169,2023/05/08 01:00:00,0.0
170,2023/05/08 02:00:00,0.0
171,2023/05/08 03:00:00,0.0
172,2023/05/08 04:00:00,0.0
173,2023/05/08 05:00:00,0.0
174,2023/05/08 06:00:00,1300.02
175,2023/05/08 07:00:00,3019.8
176,2023/05/08 08:00:00,7348.98
177,2023/05/08 09:00:00,13617.63
178,2023/05/08 10:00:00,14190.99
179,2023/05/08 11:00:00,17676.9
180,2023/05/08 12:00:00,17363.58
181,2023/05/08 13:00:00,11973.22
182,2023/05/08 14:00:00,7719.68
183,2023/05/08 15:00:00,7485.02
184,2023/05/08 16:00:00,4856.37
185,2023/05/08 17:00:00,1883.29
186,2023/05/08 18:00:00,206.53
187,2023/05/08 19:00:00,0.0
188,2023/05/08 20:00:00,0.0
189,2023/05/08 21:00:00,0.0
190,2023/05/08 22:00:00,0.0
191,2023/05/08 23:00:00,0.0
192,2023/05/09 00:00:00,0.0
193,2023/05/09 01:00:00,0.0
194,2023/05/09 02:00:00,0.0
195,2023/05/09 03:00:00,0.0
196,2023/05/09 04:00:00,0.0
197,2023/05/09 05:00:00,0.0
198,2023/05/09 06:00:00,939.18
199,2023/05/09 07:00:00,2772.2
200,2023/05/09 08:00:00,3910.68
201,2023/05/09 09:00:00,5598.12
202,2023/05/09 10:00:00,3091.0
203,2023/05/09 11:00:00,4500.2
204,2023/05/09 12:00:00,7835.4
205,2023/05/09 13:00:00,11696.21
206,2023/05/09 14:00:00,9757.93
207,2023/05/09 15:00:00,7270.7
208,2023/05/09 16:00:00,5802.94
209,2023/05/09 17:00:00,2282.41
210,2023/05/09 18:00:00,154.14
211,2023/05/09 19:00:00,0.0
212,2023/05/09 20:00:00,0.0
213,2023/05/09 21:00:00,0.0
214,2023/05/09 22:00:00,0.0
215,2023/05/09 23:00:00,0.0
216,2023/05/10 00:00:00,0.0
217,2023/05/10 01:00:00,0.0
218,2023/05/10 02:00:00,0.0
219,2023/05/10 03:00:00,0.0
220,2023/05/10 04:00:00,0.0
221,2023/05/10 05:00:00,0.0
222,2023/05/10 06:00:00,2257.37
223,2023/05/10 07:00:00,6432.4
224,2023/05/10 08:00:00,10541.49
225,2023/05/10 09:00:00,13254.03
226,2023/05/10 10:00:00,14234.38
227,2023/05/10 11:00:00,16525.31
228,2023/05/10 12:00:00,16188.4
229,2023/05/10 13:00:00,13597.47
230,2023/05/10 14:00:00,10655.94
231,2023/05/10 15:00:00,9810.16
232,2023/05/10 16:00:00,6242.93
233,2023/05/10 17:00:00,2216.7
234,2023/05/10 18:00:00,180.79
235,2023/05/10 19:00:00,0.0
236,2023/05/10 20:00:00,0.0
237,2023/05/10 21:00:00,0.0
238,2023/05/10 22:00:00,0.0
239,2023/05/10 23:00:00,0.0
240,2023/05/11 00:00:00,0.0
241,2023/05/11 01:00:00,0.0
242,2023/05/11 02:00:00,0.0
243,2023/05/11 03:00:00,0.0
244,2023/05/11 04:00:00,0.0
245,2023/05/11 05:00:00,0.0
246,2023/05/11 06:00:00,1614.6
247,2023/05/11 07:00:00,3074.18
248,2023/05/11 08:00:00,5318.42
249,2023/05/11 09:00:00,7974.19
250,2023/05/11 10:00:00,10940.57
251,2023/05/11 11:00:00,12219.84
252,2023/05/11 12:00:00,13590.58
253,2023/05/11 13:00:00,14746.32
254,2023/05/11 14:00:00,13645.69
255,2023/05/11 15:00:00,8048.33
256,2023/05/11 16:00:00,3017.57
257,2023/05/11 17:00:00,974.91
258,2023/05/11 18:00:00,91.4
259,2023/05/11 19:00:00,0.0
260,2023/05/11 20:00:00,0.0
261,2023/05/11 21:00:00,0.0
262,2023/05/11 22:00:00,0.0
263,2023/05/11 23:00:00,0.0
264,2023/05/12 00:00:00,0.0
265,2023/05/12 01:00:00,0.0
266,2023/05/12 02:00:00,0.0
267,2023/05/12 03:00:00,0.0
268,2023/05/12 04:00:00,0.0
269,2023/05/12 05:00:00,0.0
270,2023/05/12 06:00:00,1036.42
271,2023/05/12 07:00:00,3567.92
272,2023/05/12 08:00:00,6339.89
273,2023/05/12 09:00:00,8431.27
274,2023/05/12 10:00:00,11559.63
275,2023/05/12 11:00:00,12506.9
276,2023/05/12 12:00:00,16092.08
277,2023/05/12 13:00:00,14893.12
278,2023/05/12 14:00:00,12343.89
279,2023/05/12 15:00:00,10231.68
280,2023/05/12 16:00:00,4922.29
281,2023/05/12 17:00:00,1559.85
282,2023/05/12 18:00:00,156.07
283,2023/05/12 19:00:00,0.0
284,2023/05/12 20:00:00,0.0
285,2023/05/12 21:00:00,0.0
286,2023/05/12 22:00:00,0.0
287,2023/05/12 23:00:00,0.0
288,2023/05/13 00:00:00,0.0
289,2023/05/13 01:00:00,0.0
290,2023/05/13 02:00:00,0.0
291,2023/05/13 03:00:00,0.0
292,2023/05/13 04:00:00,0.0
293,2023/05/13 05:00:00,0.0
294,2023/05/13 06:00:00,1197.21
295,2023/05/13 07:00:00,3324.79
296,2023/05/13 08:00:00,5275.58
297,2023/05/13 09:00:00,7381.01
298,2023/05/13 10:00:00,7933.9
299,2023/05/13 11:00:00,7611.8
300,2023/05/13 12:00:00,7330.09
301,2023/05/13 13:00:00,7270.33
302,2023/05/13 14:00:00,7382.08
303,2023/05/13 15:00:00,6284.82
304,2023/05/13 16:00:00,2055.8
305,2023/05/13 17:00:00,1415.2
306,2023/05/13 18:00:00,72.58
307,2023/05/13 19:00:00,0.0
308,2023/05/13 20:00:00,0.0
309,2023/05/13 21:00:00,0.0
310,2023/05/13 22:00:00,0.0
311,2023/05/13 23:00:00,0.0
312,2023/05/14 00:00:00,0.0
313,2023/05/14 01:00:00,0.0
314,2023/05/14 02:00:00,0.0
315,2023/05/14 03:00:00,0.0
316,2023/05/14 04:00:00,0.0
317,2023/05/14 05:00:00,0.0
318,2023/05/14 06:00:00,356.01
319,2023/05/14 07:00:00,1871.98
320,2023/05/14 08:00:00,3723.23
321,2023/05/14 09:00:00,5191.3
322,2023/05/14 10:00:00,7508.46
323,2023/05/14 11:00:00,11946.23
324,2023/05/14 12:00:00,11875.4
325,2023/05/14 13:00:00,4980.5
326,2023/05/14 14:00:00,3750.1
327,2023/05/14 15:00:00,2889.1
328,2023/05/14 16:00:00,2620.78
329,2023/05/14 17:00:00,1012.13
330,2023/05/14 18:00:00,77.19
331,2023/05/14 19:00:00,0.0
332,2023/05/14 20:00:00,0.0
333,2023/05/14 21:00:00,0.0
334,2023/05/14 22:00:00,0.0
335,2023/05/14 23:00:00,0.0
336,2023/05/15 00:00:00,0.0
337,2023/05/15 01:00:00,0.0
338,2023/05/15 02:00:00,0.0
339,2023/05/15 03:00:00,0.0
340,2023/05/15 04:00:00,0.0
341,2023/05/15 05:00:00,0.0
342,2023/05/15 06:00:00,859.5
343,2023/05/15 07:00:00,1340.9
344,2023/05/15 08:00:00,2910.09
345,2023/05/15 09:00:00,4459.43
346,2023/05/15 10:00:00,5931.57
347,2023/05/15 11:00:00,5576.32
348,2023/05/15 12:00:00,4839.49
349,2023/05/15 13:00:00,7555.1
350,2023/05/15 14:00:00,7259.68
351,2023/05/15 15:00:00,4148.41
352,2023/05/15 16:00:00,2633.29
353,2023/05/15 17:00:00,1064.94
354,2023/05/15 18:00:00,92.86
355,2023/05/15 19:00:00,0.0
356,2023/05/15 20:00:00,0.0
357,2023/05/15 21:00:00,0.0
358,2023/05/15 22:00:00,0.0
359,2023/05/15 23:00:00,0.0
360,2023/05/16 00:00:00,0.0
361,2023/05/16 01:00:00,0.0
362,2023/05/16 02:00:00,0.0
363,2023/05/16 03:00:00,0.0
364,2023/05/16 04:00:00,0.0
365,2023/05/16 05:00:00,0.0
366,2023/05/16 06:00:00,1274.63
367,2023/05/16 07:00:00,3983.58
368,2023/05/16 08:00:00,5258.0
369,2023/05/16 09:00:00,9358.29
370,2023/05/16 10:00:00,7359.8
371,2023/05/16 11:00:00,12141.2
372,2023/05/16 12:00:00,11568.11
373,2023/05/16 13:00:00,9367.09
374,2023/05/16 14:00:00,10244.23
375,2023/05/16 15:00:00,7192.59
376,2023/05/16 16:00:00,2495.88
377,2023/05/16 17:00:00,1587.11
378,2023/05/16 18:00:00,180.57
379,2023/05/16 19:00:00,0.0
380,2023/05/16 20:00:00,0.0
381,2023/05/16 21:00:00,0.0
382,2023/05/16 22:00:00,0.0
383,2023/05/16 23:00:00,0.0
384,2023/05/17 00:00:00,0.0
385,2023/05/17 01:00:00,0.0
386,2023/05/17 02:00:00,0.0
387,2023/05/17 03:00:00,0.0
388,2023/05/17 04:00:00,0.0
389,2023/05/17 05:00:00,0.0
390,2023/05/17 06:00:00,2528.69
391,2023/05/17 07:00:00,6867.41
392,2023/05/17 08:00:00,10671.82
393,2023/05/17 09:00:00,13522.47
394,2023/05/17 10:00:00,15674.62
395,2023/05/17 11:00:00,16745.68
396,2023/05/17 12:00:00,16819.88
397,2023/05/17 13:00:00,15841.62
398,2023/05/17 14:00:00,13696.04
399,2023/05/17 15:00:00,10559.57
400,2023/05/17 16:00:00,6538.38
401,2023/05/17 17:00:00,2429.1
402,2023/05/17 18:00:00,237.19
403,2023/05/17 19:00:00,0.0
404,2023/05/17 20:00:00,0.0
405,2023/05/17 21:00:00,0.0
406,2023/05/17 22:00:00,0.0
407,2023/05/17 23:00:00,0.0
408,2023/05/18 00:00:00,0.0
409,2023/05/18 01:00:00,0.0
410,2023/05/18 02:00:00,0.0
411,2023/05/18 03:00:00,0.0
412,2023/05/18 04:00:00,0.0
413,2023/05/18 05:00:00,0.0
414,2023/05/18 06:00:00,1661.8
415,2023/05/18 07:00:00,4417.81
416,2023/05/18 08:00:00,6985.01
417,2023/05/18 09:00:00,6708.81
418,2023/05/18 10:00:00,11131.49
419,2023/05/18 11:00:00,11687.39
420,2023/05/18 12:00:00,12279.03
421,2023/05/18 13:00:00,12828.66
422,2023/05/18 14:00:00,9040.73
423,2023/05/18 15:00:00,6446.29
424,2023/05/18 16:00:00,6251.65
425,2023/05/18 17:00:00,1622.25
426,2023/05/18 18:00:00,366.12
427,2023/05/18 19:00:00,0.0
428,2023/05/18 20:00:00,0.0
429,2023/05/18 21:00:00,0.0
430,2023/05/18 22:00:00,0.0
431,2023/05/18 23:00:00,0.0
432,2023/05/19 00:00:00,0.0
433,2023/05/19 01:00:00,0.0
434,2023/05/19 02:00:00,0.0
435,2023/05/19 03:00:00,0.0
436,2023/05/19 04:00:00,0.0
437,2023/05/19 05:00:00,0.0
438,2023/05/19 06:00:00,1929.89
439,2023/05/19 07:00:00,5563.69
440,2023/05/19 08:00:00,6111.6
441,2023/05/19 09:00:00,9399.53
442,2023/05/19 10:00:00,11033.45
443,2023/05/19 11:00:00,12875.74
444,2023/05/19 12:00:00,11595.52
445,2023/05/19 13:00:00,7160.39
446,2023/05/19 14:00:00,5076.43
447,2023/05/19 15:00:00,841.45
448,2023/05/19 16:00:00,1006.18
449,2023/05/19 17:00:00,745.6
450,2023/05/19 18:00:00,71.02
451,2023/05/19 19:00:00,0.0
452,2023/05/19 20:00:00,0.0
453,2023/05/19 21:00:00,0.0
454,2023/05/19 22:00:00,0.0
455,2023/05/19 23:00:00,0.0
456,2023/05/20 00:00:00,0.0
457,2023/05/20 01:00:00,0.0
458,2023/05/20 02:00:00,0.0
459,2023/05/20 03:00:00,0.0
460,2023/05/20 04:00:00,0.0
461,2023/05/20 05:00:00,0.0
462,2023/05/20 06:00:00,1520.87
463,2023/05/20 07:00:00,6193.62
464,2023/05/20 08:00:00,9893.71
465,2023/05/20 09:00:00,10613.4
466,2023/05/20 10:00:00,14758.31
467,2023/05/20 11:00:00,16396.19
468,2023/05/20 12:00:00,16753.76
469,2023/05/20 13:00:00,13683.41
470,2023/05/20 14:00:00,10091.47
471,2023/05/20 15:00:00,7716.85
472,2023/05/20 16:00:00,5533.43
473,2023/05/20 17:00:00,1758.31
474,2023/05/20 18:00:00,254.78
475,2023/05/20 19:00:00,0.0
476,2023/05/20 20:00:00,0.0
477,2023/05/20 21:00:00,0.0
478,2023/05/20 22:00:00,0.0
479,2023/05/20 23:00:00,0.0
480,2023/05/21 00:00:00,0.0
481,2023/05/21 01:00:00,0.0
482,2023/05/21 02:00:00,0.0
483,2023/05/21 03:00:00,0.0
484,2023/05/21 04:00:00,0.0
485,2023/05/21 05:00:00,0.0
486,2023/05/21 06:00:00,707.65
487,2023/05/21 07:00:00,3921.48
488,2023/05/21 08:00:00,7496.77
489,2023/05/21 09:00:00,11938.89
490,2023/05/21 10:00:00,15285.77
491,2023/05/21 11:00:00,16204.2
492,2023/05/21 12:00:00,16531.87
493,2023/05/21 13:00:00,15538.06
494,2023/05/21 14:00:00,13469.32
495,2023/05/21 15:00:00,10133.57
496,2023/05/21 16:00:00,6815.36
497,2023/05/21 17:00:00,2415.07
498,2023/05/21 18:00:00,214.81
499,2023/05/21 19:00:00,0.0
500,2023/05/21 20:00:00,0.0
501,2023/05/21 21:00:00,0.0
502,2023/05/21 22:00:00,0.0
503,2023/05/21 23:00:00,0.0
504,2023/05/22 00:00:00,0.0
505,2023/05/22 01:00:00,0.0
506,2023/05/22 02:00:00,0.0
507,2023/05/22 03:00:00,0.0
508,2023/05/22 04:00:00,0.0
509,2023/05/22 05:00:00,0.0
510,2023/05/22 06:00:00,2545.25
511,2023/05/22 07:00:00,5617.14
512,2023/05/22 08:00:00,8633.97
513,2023/05/22 09:00:00,13141.8
514,2023/05/22 10:00:00,14330.75
515,2023/05/22 11:00:00,14372.35
516,2023/05/22 12:00:00,13048.14
517,2023/05/22 13:00:00,9064.08
518,2023/05/22 14:00:00,12623.55
519,2023/05/22 15:00:00,10301.14
520,2023/05/22 16:00:00,5470.43
521,2023/05/22 17:00:00,1918.0
522,2023/05/22 18:00:00,325.59
523,2023/05/22 19:00:00,0.0
524,2023/05/22 20:00:00,0.0
525,2023/05/22 21:00:00,0.0
526,2023/05/22 22:00:00,0.0
527,2023/05/22 23:00:00,0.0
528,2023/05/23 00:00:00,0.0
529,2023/05/23 01:00:00,0.0
530,2023/05/23 02:00:00,0.0
531,2023/05/23 03:00:00,0.0
532,2023/05/23 04:00:00,0.0
533,2023/05/23 05:00:00,0.0
534,2023/05/23 06:00:00,750.98
535,2023/05/23 07:00:00,1418.08
536,2023/05/23 08:00:00,4655.71
537,2023/05/23 09:00:00,8866.0
538,2023/05/23 10:00:00,13256.9
539,2023/05/23 11:00:00,15736.91
540,2023/05/23 12:00:00,16178.11
541,2023/05/23 13:00:00,13537.01
542,2023/05/23 14:00:00,11414.74
543,2023/05/23 15:00:00,8517.05
544,2023/05/23 16:00:00,4186.11
545,2023/05/23 17:00:00,521.06
546,2023/05/23 18:00:00,44.59
547,2023/05/23 19:00:00,0.0
548,2023/05/23 20:00:00,0.0
549,2023/05/23 21:00:00,0.0
550,2023/05/23 22:00:00,0.0
551,2023/05/23 23:00:00,0.0
552,2023/05/24 00:00:00,0.0
553,2023/05/24 01:00:00,0.0
554,2023/05/24 02:00:00,0.0
555,2023/05/24 03:00:00,0.0
556,2023/05/24 04:00:00,0.0
557,2023/05/24 05:00:00,0.0
558,2023/05/24 06:00:00,800.11
559,2023/05/24 07:00:00,1313.79
560,2023/05/24 08:00:00,3851.62
561,2023/05/24 09:00:00,12911.97
562,2023/05/24 10:00:00,12842.57
563,2023/05/24 11:00:00,11468.7
564,2023/05/24 12:00:00,12619.61
565,2023/05/24 13:00:00,8894.25
566,2023/05/24 14:00:00,4442.97
567,2023/05/24 15:00:00,1852.15
568,2023/05/24 16:00:00,3130.82
569,2023/05/24 17:00:00,2158.67
570,2023/05/24 18:00:00,128.19
571,2023/05/24 19:00:00,0.0
572,2023/05/24 20:00:00,0.0
573,2023/05/24 21:00:00,0.0
574,2023/05/24 22:00:00,0.0
575,2023/05/24 23:00:00,0.0
576,2023/05/25 00:00:00,0.0
577,2023/05/25 01:00:00,0.0
578,2023/05/25 02:00:00,0.0
579,2023/05/25 03:00:00,0.0
580,2023/05/25 04:00:00,0.0
581,2023/05/25 05:00:00,0.0
582,2023/05/25 06:00:00,834.19
583,2023/05/25 07:00:00,4474.85
584,2023/05/25 08:00:00,10234.32
585,2023/05/25 09:00:00,13291.48
586,2023/05/25 10:00:00,15214.25
587,2023/05/25 11:00:00,16472.55
588,2023/05/25 12:00:00,16635.53
589,2023/05/25 13:00:00,15520.57
590,2023/05/25 14:00:00,13500.22
591,2023/05/25 15:00:00,10438.86
592,2023/05/25 16:00:00,6531.22
593,2023/05/25 17:00:00,2433.46
594,2023/05/25 18:00:00,314.53
595,2023/05/25 19:00:00,0.0
596,2023/05/25 20:00:00,0.0
597,2023/05/25 21:00:00,0.0
598,2023/05/25 22:00:00,0.0
599,2023/05/25 23:00:00,0.0
600,2023/05/26 00:00:00,0.0
601,2023/05/26 01:00:00,0.0
602,2023/05/26 02:00:00,0.0
603,2023/05/26 03:00:00,0.0
604,2023/05/26 04:00:00,0.0
605,2023/05/26 05:00:00,0.0
606,2023/05/26 06:00:00,2317.71
607,2023/05/26 07:00:00,4472.91
608,2023/05/26 08:00:00,8113.28
609,2023/05/26 09:00:00,13593.66
610,2023/05/26 10:00:00,15213.07
611,2023/05/26 11:00:00,16299.2
612,2023/05/26 12:00:00,16420.86
613,2023/05/26 13:00:00,15512.07
614,2023/05/26 14:00:00,13472.75
615,2023/05/26 15:00:00,10319.53
616,2023/05/26 16:00:00,6435.15
617,2023/05/26 17:00:00,2534.56
618,2023/05/26 18:00:00,327.41
619,2023/05/26 19:00:00,0.0
620,2023/05/26 20:00:00,0.0
621,2023/05/26 21:00:00,0.0
622,2023/05/26 22:00:00,0.0
623,2023/05/26 23:00:00,0.0
624,2023/05/27 00:00:00,0.0
625,2023/05/27 01:00:00,0.0
626,2023/05/27 02:00:00,0.0
627,2023/05/27 03:00:00,0.0
628,2023/05/27 04:00:00,0.0
629,2023/05/27 05:00:00,0.0
630,2023/05/27 06:00:00,1267.18
631,2023/05/27 07:00:00,4702.16
632,2023/05/27 08:00:00,7705.63
633,2023/05/27 09:00:00,10286.99
634,2023/05/27 10:00:00,13544.02
635,2023/05/27 11:00:00,12161.18
636,2023/05/27 12:00:00,15050.1
637,2023/05/27 13:00:00,15828.28
638,2023/05/27 14:00:00,13645.94
639,2023/05/27 15:00:00,10280.27
640,2023/05/27 16:00:00,6555.5
641,2023/05/27 17:00:00,2793.51
642,2023/05/27 18:00:00,314.63
643,2023/05/27 19:00:00,0.0
644,2023/05/27 20:00:00,0.0
645,2023/05/27 21:00:00,0.0
646,2023/05/27 22:00:00,0.0
647,2023/05/27 23:00:00,0.0
648,2023/05/28 00:00:00,0.0
649,2023/05/28 01:00:00,0.0
650,2023/05/28 02:00:00,0.0
651,2023/05/28 03:00:00,0.0
652,2023/05/28 04:00:00,0.0
653,2023/05/28 05:00:00,0.0
654,2023/05/28 06:00:00,2784.48
655,2023/05/28 07:00:00,5319.21
656,2023/05/28 08:00:00,9443.19
657,2023/05/28 09:00:00,12378.47
658,2023/05/28 10:00:00,15960.99
659,2023/05/28 11:00:00,12062.09
660,2023/05/28 12:00:00,8822.56
661,2023/05/28 13:00:00,8463.87
662,2023/05/28 14:00:00,13155.19
663,2023/05/28 15:00:00,10752.64
664,2023/05/28 16:00:00,6721.03
665,2023/05/28 17:00:00,2495.15
666,2023/05/28 18:00:00,325.62
667,2023/05/28 19:00:00,0.0
668,2023/05/28 20:00:00,0.0
669,2023/05/28 21:00:00,0.0
670,2023/05/28 22:00:00,0.0
671,2023/05/28 23:00:00,0.0
672,2023/05/29 00:00:00,0.0
673,2023/05/29 01:00:00,0.0
674,2023/05/29 02:00:00,0.0
675,2023/05/29 03:00:00,0.0
676,2023/05/29 04:00:00,0.0
677,2023/05/29 05:00:00,0.0
678,2023/05/29 06:00:00,2616.04
679,2023/05/29 07:00:00,6952.02
680,2023/05/29 08:00:00,7491.43
681,2023/05/29 09:00:00,13030.24
682,2023/05/29 10:00:00,15606.72
683,2023/05/29 11:00:00,16552.77
684,2023/05/29 12:00:00,16635.0
685,2023/05/29 13:00:00,15516.19
686,2023/05/29 14:00:00,13487.33
687,2023/05/29 15:00:00,9439.53
688,2023/05/29 16:00:00,5989.42
689,2023/05/29 17:00:00,2802.66
690,2023/05/29 18:00:00,356.26
691,2023/05/29 19:00:00,0.0
692,2023/05/29 20:00:00,0.0
693,2023/05/29 21:00:00,0.0
694,2023/05/29 22:00:00,0.0
695,2023/05/29 23:00:00,0.0
696,2023/05/30 00:00:00,0.0
697,2023/05/30 01:00:00,0.0
698,2023/05/30 02:00:00,0.0
699,2023/05/30 03:00:00,0.0
700,2023/05/30 04:00:00,0.0
701,2023/05/30 05:00:00,0.0
702,2023/05/30 06:00:00,1516.15
703,2023/05/30 07:00:00,4076.75
704,2023/05/30 08:00:00,9269.08
705,2023/05/30 09:00:00,12558.29
706,2023/05/30 10:00:00,14183.84
707,2023/05/30 11:00:00,16273.59
708,2023/05/30 12:00:00,16424.05
709,2023/05/30 13:00:00,15336.62
710,2023/05/30 14:00:00,13157.93
711,2023/05/30 15:00:00,10102.59
712,2023/05/30 16:00:00,6359.55
713,2023/05/30 17:00:00,2511.51
714,2023/05/30 18:00:00,355.13
715,2023/05/30 19:00:00,0.0
716,2023/05/30 20:00:00,0.0
717,2023/05/30 21:00:00,0.0
718,2023/05/30 22:00:00,0.0
719,2023/05/30 23:00:00,0.0
720,2023/05/31 00:00:00,0.0
721,2023/05/31 01:00:00,0.0
722,2023/05/31 02:00:00,0.0
723,2023/05/31 03:00:00,0.0
724,2023/05/31 04:00:00,0.0
725,2023/05/31 05:00:00,0.0
726,2023/05/31 06:00:00,2477.8
727,2023/05/31 07:00:00,6022.4
728,2023/05/31 08:00:00,8089.01
729,2023/05/31 09:00:00,12202.75
730,2023/05/31 10:00:00,12853.06
731,2023/05/31 11:00:00,13877.89
732,2023/05/31 12:00:00,11358.42
733,2023/05/31 13:00:00,13850.63
734,2023/05/31 14:00:00,7801.45
735,2023/05/31 15:00:00,8967.3
736,2023/05/31 16:00:00,2913.33
737,2023/05/31 17:00:00,1380.43
738,2023/05/31 18:00:00,203.12
739,2023/05/31 19:00:00,0.0
740,2023/05/31 20:00:00,0.0
741,2023/05/31 21:00:00,0.0
742,2023/05/31 22:00:00,0.0
743,2023/05/31 23:00:00,0.0
744,2023/06/01 00:00:00,0.0
